"Heading 1","Heading 2","Heading 3","Heading 4","Heading 5"
"Data 1:1","Data 2:1","Data 3:1","Data 4:1","Data 5:1"
"Data 1:2","Data 2:2","Data 3:2","Data 4:2","Data 5:2"
"Data 1:3","Data 2:3","Data 3:3","Data 4:3","Data 5:3"
"Data 1:4","Data 2:4","Data 3:4","Data 4:4","Data 5:4"
"Data 1:5","Data 2:5","Data 3:5","Data 4:5","Data 5:5"
"Data 1:6","Data 2:6","Data 3:6","Data 4:6","Data 5:6"
"Data 1:7","Data 2:7","Data 3:7","Data 4:7","Data 5:7"
"Data 1:8","Data 2:8","Data 3:8","Data 4:8","Data 5:8"
"Data 1:9","Data 2:9","Data 3:9","Data 4:9","Data 5:9"
"Data 1:10","Data 2:10","Data 3:10","Data 4:10","Data 5:10"
"Data 1:11","Data 2:11","Data 3:11","Data 4:11","Data 5:11"
"Data 1:12","Data 2:12","Data 3:12","Data 4:12","Data 5:12"
"Data 1:13","Data 2:13","Data 3:13","Data 4:13","Data 5:13"
"Data 1:14","Data 2:14","Data 3:14","Data 4:14","Data 5:14"
"Data 1:15","Data 2:15","Data 3:15","Data 4:15","Data 5:15"
"Data 1:16","Data 2:16","Data 3:16","Data 4:16","Data 5:16"
"Data 1:17","Data 2:17","Data 3:17","Data 4:17","Data 5:17"
"Data 1:18","Data 2:18","Data 3:18","Data 4:18","Data 5:18"
"Data 1:19","Data 2:19","Data 3:19","Data 4:19","Data 5:19"
"Data 1:20","Data 2:20","Data 3:20","Data 4:20","Data 5:20"
